lambda,e_costo,cvar,objetivo
0.0,6364.944152630933,10176.809011001462,6364.944152630933
0.2,6364.944152630933,10176.809011001462,8400.305954831225
0.5,6364.944152630933,10176.809011001462,11453.348658131665
0.8,6364.944152630933,10176.809011001462,14506.391361432103
1.0,6364.944152630933,10176.809011001462,16541.753163632395
